,load_time,object_name,start_datetime
0,2824.0,['ebay.html'],2018-09-18T02:38:05.040+09:00
1,1596.0,['sugizvhs2a4nnhkyeml4anyqfua.css'],2018-09-18T02:38:06.104+09:00
2,503.0,['integrator.js'],2018-09-18T02:38:06.123+09:00
3,1140.0,['osd.js'],2018-09-18T02:38:06.123+09:00
4,550.0,['integrator(1).js'],2018-09-18T02:38:06.123+09:00
5,852.0,['pubads_impl_rendering_189.js'],2018-09-18T02:38:06.127+09:00
6,310.0,['dil-contents-85c556f6d017ca50d37b42a74e7bff9375001fff.js'],2018-09-18T02:38:06.278+09:00
7,152.0,['h0uj1osj1y1nlldfgf21ohvmvug.css'],2018-09-18T02:38:06.701+09:00
8,770.0,['satelliteLib-4015f254cd3c11b97219ce6c8b668b778bd61dfa.js'],2018-09-18T02:38:06.890+09:00
9,162.0,['adobe_short2.js'],2018-09-18T02:38:07.393+09:00
10,163.0,['id'],2018-09-18T02:38:07.393+09:00
11,927.0,['jmalt0eyvq1k1k2ezqntv51k5mo.js'],2018-09-18T02:38:07.393+09:00
12,465.0,['d3csx4flz22frldxvr2vprk2nib.js'],2018-09-18T02:38:07.394+09:00
13,1554.0,['riaz5cylr24ixhimaeau3hp1iyy.js'],2018-09-18T02:38:07.394+09:00
14,157.0,['saved_resource.html'],2018-09-18T02:38:07.557+09:00
15,617.0,['8853_EN_ROW_Fallbacks_Deals_876x402.jpg'],2018-09-18T02:38:07.876+09:00
16,308.0,['s-l500.webp'],2018-09-18T02:38:07.936+09:00
17,153.0,['container.html'],2018-09-18T02:38:07.949+09:00
18,154.0,['20093.html'],2018-09-18T02:38:08.190+09:00
19,483.0,['s-l500(1).webp'],2018-09-18T02:38:08.196+09:00
20,152.0,['s-l200.webp'],2018-09-18T02:38:08.247+09:00
21,156.0,['s-l200(1).webp'],2018-09-18T02:38:08.328+09:00
22,153.0,['8542_EN_ROW_MBG_300x130_.jpg'],2018-09-18T02:38:08.352+09:00
23,704.0,['id(1)'],2018-09-18T02:38:08.402+09:00
24,153.0,['fxxj3ttftm5ltcqnto1o4baovyl.png'],2018-09-18T02:38:08.413+09:00
25,157.0,['imgThrobberGrey_30x30.gif'],2018-09-18T02:38:08.488+09:00
26,619.0,['6797_EN_RoW_Flyouts_Fashion_770x270_7_31_2015_2_52_57_377.jpg'],2018-09-18T02:38:08.496+09:00
27,461.0,['6797_EN_RoW_Flyouts_Electronics_770x270_7_31_2015_2_59_05_907.jpg'],2018-09-18T02:38:08.511+09:00
28,771.0,['6797_EN_RoW_Flyouts_Collect_770x270_7_31_2015_2_59_55_39.jpg'],2018-09-18T02:38:08.578+09:00
29,622.0,['6797_EN_RoW_Flyouts_HG_770x270_7_31_2015_3_00_47_342.jpg'],2018-09-18T02:38:08.652+09:00
30,463.0,['6797_EN_RoW_Flyouts_Sport_770x270_7_31_2015_3_01_47_880.jpg'],2018-09-18T02:38:08.954+09:00
31,462.0,['6797_EN_RoW_Flyouts_Motors_770x270_7_31_2015_3_02_56_637.jpg'],2018-09-18T02:38:08.979+09:00
32,158.0,['dest5.html'],2018-09-18T02:38:09.110+09:00
33,152.0,['saved_resource(3).html'],2018-09-18T02:38:09.121+09:00
34,152.0,['btt.png'],2018-09-18T02:38:09.276+09:00
35,929.0,['6321_022618_Spring_Flyouts_Toys.jpg'],2018-09-18T02:38:09.282+09:00
36,611.0,['8853_EN_ROW_Fallbacks_Tech_876x402.jpg'],2018-09-18T02:38:09.297+09:00
37,622.0,['8853_EN_ROW_Fallbacks_Fashion_876x402.jpg'],2018-09-18T02:38:09.354+09:00
38,153.0,['s-l200(2).webp'],2018-09-18T02:38:09.420+09:00
39,154.0,['s-l200(3).webp'],2018-09-18T02:38:09.430+09:00
40,158.0,['s-l200(4).webp'],2018-09-18T02:38:09.443+09:00
41,154.0,['s-l200(5).webp'],2018-09-18T02:38:09.576+09:00
42,307.0,['s-l500(2).webp'],2018-09-18T02:38:09.592+09:00
43,158.0,['s-l200(6).webp'],2018-09-18T02:38:09.609+09:00
44,152.0,['s-l200(7).webp'],2018-09-18T02:38:09.741+09:00
45,155.0,['s-l200(8).webp'],2018-09-18T02:38:09.771+09:00
46,156.0,['s-l500(3).webp'],2018-09-18T02:38:09.895+09:00
47,152.0,['s-l200(9).webp'],2018-09-18T02:38:09.900+09:00
48,153.0,['s-l200(10).webp'],2018-09-18T02:38:09.911+09:00
49,156.0,['s-l200(11).webp'],2018-09-18T02:38:09.931+09:00
50,155.0,['s-l500(4).webp'],2018-09-18T02:38:09.980+09:00
51,158.0,['s-l200(12).webp'],2018-09-18T02:38:10.052+09:00
52,152.0,['s-l200(13).webp'],2018-09-18T02:38:10.054+09:00
53,152.0,['s-l200(14).webp'],2018-09-18T02:38:10.068+09:00
54,476.0,['s-l500(5).webp'],2018-09-18T02:38:10.095+09:00
55,155.0,['s-l200(15).webp'],2018-09-18T02:38:10.137+09:00
56,154.0,['s-l200(16).webp'],2018-09-18T02:38:10.208+09:00
57,153.0,['s-l200(17).webp'],2018-09-18T02:38:10.213+09:00
58,307.0,['s-l500(6).webp'],2018-09-18T02:38:10.213+09:00
59,153.0,['s-l200(18).webp'],2018-09-18T02:38:10.222+09:00
60,152.0,['s-l200(19).webp'],2018-09-18T02:38:10.294+09:00
61,152.0,['s-l200(20).webp'],2018-09-18T02:38:10.364+09:00
62,153.0,['s-l500(7).webp'],2018-09-18T02:38:10.372+09:00
63,152.0,['s-l200(21).webp'],2018-09-18T02:38:10.377+09:00
64,153.0,['s-l200(22).webp'],2018-09-18T02:38:10.448+09:00
65,153.0,['s-l200(23).webp'],2018-09-18T02:38:10.518+09:00
66,306.0,['s-l500(8).webp'],2018-09-18T02:38:10.523+09:00
67,153.0,['s-l200(24).webp'],2018-09-18T02:38:10.526+09:00
68,153.0,['s-l200(25).webp'],2018-09-18T02:38:10.531+09:00
69,153.0,['s-l200(26).webp'],2018-09-18T02:38:10.574+09:00
70,154.0,['s-l500(9).webp'],2018-09-18T02:38:10.604+09:00
71,152.0,['s-l200(27).webp'],2018-09-18T02:38:10.673+09:00
72,152.0,['s-l200(28).webp'],2018-09-18T02:38:10.681+09:00
73,152.0,['s-l200(29).webp'],2018-09-18T02:38:10.687+09:00
74,154.0,['s-l500(10).webp'],2018-09-18T02:38:10.729+09:00
75,157.0,['s-l200(30).webp'],2018-09-18T02:38:10.760+09:00
76,153.0,['s-l200(31).webp'],2018-09-18T02:38:10.828+09:00
77,152.0,['s-l200(32).webp'],2018-09-18T02:38:10.831+09:00
78,306.0,['s-l500(11).webp'],2018-09-18T02:38:10.834+09:00
79,305.0,['s-l200(33).webp'],2018-09-18T02:38:10.842+09:00
80,153.0,['s-l200(34).webp'],2018-09-18T02:38:10.885+09:00
81,153.0,['s-l200(35).webp'],2018-09-18T02:38:10.919+09:00
82,154.0,['s-l500(12).webp'],2018-09-18T02:38:10.987+09:00
83,153.0,['s-l200(36).webp'],2018-09-18T02:38:10.988+09:00
84,152.0,['s-l200(37).webp'],2018-09-18T02:38:11.040+09:00
85,153.0,['s-l200(38).webp'],2018-09-18T02:38:11.078+09:00
86,309.0,['s-l500(13).webp'],2018-09-18T02:38:11.143+09:00
87,153.0,['s-l200(39).webp'],2018-09-18T02:38:11.144+09:00
88,152.0,['s-l200(40).webp'],2018-09-18T02:38:11.150+09:00
89,154.0,['s-l200(41).webp'],2018-09-18T02:38:11.203+09:00
90,152.0,['s-l500(14).webp'],2018-09-18T02:38:11.235+09:00
91,156.0,['s-l200(42).webp'],2018-09-18T02:38:11.304+09:00
92,154.0,['s-l200(43).webp'],2018-09-18T02:38:11.304+09:00
93,152.0,['s-l200(44).webp'],2018-09-18T02:38:11.362+09:00
94,154.0,['s-l500(15).webp'],2018-09-18T02:38:11.390+09:00
95,157.0,['s-l200(45).webp'],2018-09-18T02:38:11.454+09:00
96,152.0,['s-l200(47).webp'],2018-09-18T02:38:11.470+09:00
97,152.0,['s-l200(46).webp'],2018-09-18T02:38:11.471+09:00
98,477.0,['s-l500(16).webp'],2018-09-18T02:38:11.476+09:00
99,343.0,['s-l200(48).webp'],2018-09-18T02:38:11.517+09:00
100,152.0,['s-l200(49).webp'],2018-09-18T02:38:11.546+09:00
101,153.0,['s-l200(50).webp'],2018-09-18T02:38:11.626+09:00
102,153.0,['s-l500(17).webp'],2018-09-18T02:38:11.627+09:00
103,154.0,['s-l200(51).webp'],2018-09-18T02:38:11.628+09:00
104,157.0,['s-l200(52).webp'],2018-09-18T02:38:11.632+09:00
105,152.0,['s-l200(53).webp'],2018-09-18T02:38:11.700+09:00
106,154.0,['s-l200(54).webp'],2018-09-18T02:38:11.786+09:00
107,154.0,['s-l200(55).webp'],2018-09-18T02:38:11.796+09:00
108,154.0,['s-l200(56).webp'],2018-09-18T02:38:11.796+09:00
109,152.0,['s-l200(57).webp'],2018-09-18T02:38:11.810+09:00
110,160.0,['s-l200(58).webp'],2018-09-18T02:38:11.863+09:00
111,154.0,['s-l200(59).webp'],2018-09-18T02:38:11.863+09:00
112,153.0,['s-l200(60).webp'],2018-09-18T02:38:11.945+09:00
113,153.0,['s-l200(61).webp'],2018-09-18T02:38:11.952+09:00
114,154.0,['s-l200(62).webp'],2018-09-18T02:38:11.952+09:00
115,152.0,['s-l200(63).webp'],2018-09-18T02:38:11.965+09:00
116,153.0,['s-l200(64).webp'],2018-09-18T02:38:12.025+09:00
117,154.0,['mhnBCGkfmg5jSpCDSv8IhQQ.jpg'],2018-09-18T02:38:12.026+09:00
118,156.0,['s-l200(65).webp'],2018-09-18T02:38:12.099+09:00
119,153.0,['s-l200(66).webp'],2018-09-18T02:38:12.108+09:00
120,166.0,['s-l200(67).webp'],2018-09-18T02:38:12.108+09:00
121,152.0,['s-l200(68).webp'],2018-09-18T02:38:12.119+09:00
122,157.0,['s-l200(69).webp'],2018-09-18T02:38:12.183+09:00
123,660.0,['s-l200(70).webp'],2018-09-18T02:38:12.193+09:00
124,152.0,['s-l200(71).webp'],2018-09-18T02:38:12.262+09:00
125,153.0,['s-l200(72).webp'],2018-09-18T02:38:12.267+09:00
126,154.0,['s-l200(74).webp'],2018-09-18T02:38:12.279+09:00
127,152.0,['s-l200(73).webp'],2018-09-18T02:38:12.279+09:00
128,152.0,['s-l200(75).webp'],2018-09-18T02:38:12.342+09:00
129,152.0,['s-l200(76).webp'],2018-09-18T02:38:12.420+09:00
130,156.0,['s-l200(77).webp'],2018-09-18T02:38:12.425+09:00
131,152.0,['1x1.gif'],2018-09-18T02:38:12.435+09:00
132,152.0,['9'],2018-09-18T02:38:12.436+09:00
133,152.0,['rtm'],2018-09-18T02:38:12.496+09:00
134,152.0,['rtm(1)'],2018-09-18T02:38:12.576+09:00
